-- phpMyAdmin SQL Dump
-- version 5.2.0
-- https://www.phpmyadmin.net/
--
-- Hostite: 127.0.0.1
-- 캛as generovania: 맚 08.Dec 2022, 17:37
-- Verzia serveru: 10.4.25-MariaDB
-- Verzia PHP: 8.1.10

SET SQL_MODE = "NO_AUTO_VALUE_ON_ZERO";
START TRANSACTION;
SET time_zone = "+00:00";


/*!40101 SET @OLD_CHARACTER_SET_CLIENT=@@CHARACTER_SET_CLIENT */;
/*!40101 SET @OLD_CHARACTER_SET_RESULTS=@@CHARACTER_SET_RESULTS */;
/*!40101 SET @OLD_COLLATION_CONNECTION=@@COLLATION_CONNECTION */;
/*!40101 SET NAMES utf8mb4 */;

--
-- Datab치za: `ucm_verse`
--

-- --------------------------------------------------------

--
-- 맚rukt칰ra tabu쬶y pre tabu쬶u `likes`
--

CREATE TABLE `likes` (
  `relation_id` int(11) NOT NULL,
  `post_id` int(11) NOT NULL,
  `user_id` int(11) NOT NULL,
  `value` tinyint(4) NOT NULL
) ENGINE=InnoDB DEFAULT CHARSET=utf8mb4;

--
-- S콘ahujem d치ta pre tabu쬶u `likes`
--

INSERT INTO `likes` (`relation_id`, `post_id`, `user_id`, `value`) VALUES
(3, 9, 1, 0),
(4, 11, 1, 0),
(5, 10, 1, 0),
(6, 12, 1, 1),
(7, 13, 1, 1);

-- --------------------------------------------------------

--
-- 맚rukt칰ra tabu쬶y pre tabu쬶u `posts`
--

CREATE TABLE `posts` (
  `ID` int(11) NOT NULL,
  `author_user_id` int(11) NOT NULL,
  `author_name` varchar(255) NOT NULL,
  `author_last_name` varchar(255) NOT NULL,
  `author_photo_dir` varchar(255) NOT NULL,
  `img_dir` varchar(255) NOT NULL,
  `msg` varchar(255) NOT NULL,
  `likes` int(11) NOT NULL,
  `time` datetime NOT NULL
) ENGINE=InnoDB DEFAULT CHARSET=utf8mb4;

--
-- S콘ahujem d치ta pre tabu쬶u `posts`
--

INSERT INTO `posts` (`ID`, `author_user_id`, `author_name`, `author_last_name`, `author_photo_dir`, `img_dir`, `msg`, `likes`, `time`) VALUES
(9, 1, 'Erik', 'P치l', 'images/profiles/profile_default.png', 'images/web/', 'Ahoj', 0, '2022-12-05 22:33:04'),
(10, 2, 'Matus', 'Motovsky', '/images/profiles/profile_default.png', 'images/web/', 'Ty kokot jebnuty', 0, '2022-12-05 23:38:39'),
(11, 2, 'Matus', 'Motovsky', '/images/profiles/profile_default.png', 'images/web/', 'Kokot', 0, '2022-12-05 23:38:57'),
(12, 1, 'Erik', 'P치l', 'images/profiles/profile_default.png', 'images/web/', 'Ahoj dement\r\n', 1, '2022-12-05 23:39:23'),
(13, 1, 'Erik', 'P치l', 'images/profiles/profile_default.png', 'images/web/', 'Pornicko', 1, '2022-12-05 23:44:19'),
(14, 1, 'Erik', 'P치l', 'images/profiles/profile_default.png', 'images/web/', 'Ahoj klara', 0, '2022-12-07 20:36:36'),
(15, 1, 'Erik', 'P치l', 'images/profiles/profile_default.png', 'images/web/', 'Ahoj', 0, '2022-12-07 20:37:02'),
(16, 1, 'Erik', 'P치l', 'images/profiles/profile_default.png', 'images/web/', 'kok*t', 0, '2022-12-07 20:37:52'),
(17, 1, 'Erik', 'P치l', 'images/profiles/profile_default.png', 'images/web/', '游땹', 0, '2022-12-07 20:53:12'),
(18, 1, 'Erik', 'P치l', 'images/profiles/profile_default.png', 'images/web/profile_default.png', 'sadadsa', 0, '2022-12-07 20:53:57'),
(19, 1, 'Erik', 'P치l', 'images/profiles/profile_default.png', 'images/web/21430046.jpg', 'Pice', 0, '2022-12-07 20:54:41'),
(20, 1, 'Erik', 'P치l', 'images/profiles/profile_default.png', 'images/web/IMG_9934.jpg', 'Pice', 0, '2022-12-07 20:54:41'),
(21, 1, 'Erik', 'P치l', 'images/profiles/profile_default.png', 'images/web/', 'Ahoj', 0, '2022-12-08 07:33:05'),
(22, 1, 'Erik', 'P치l', 'images/profiles/profile_default.png', 'images/web/', 'Ahoj', 0, '2022-12-08 07:36:45'),
(23, 1, 'Erik', 'P치l', 'images/profiles/profile_default.png', 'images/web/', 'Preco', 0, '2022-12-08 07:36:49'),
(24, 1, 'Erik', 'P치l', 'images/profiles/profile_default.png', 'images/web/', 'Som', 0, '2022-12-08 07:36:55'),
(25, 1, 'Erik', 'P치l', 'images/profiles/profile_default.png', 'images/web/', 'Uzasny', 0, '2022-12-08 07:37:00'),
(26, 1, 'Erik', 'P치l', 'images/profiles/profile_default.png', 'images/web/', 'Krasa', 0, '2022-12-08 07:37:13'),
(27, 1, 'Erik', 'P치l', 'images/profiles/profile_default.png', 'images/web/', 'Dokonalost', 0, '2022-12-08 07:37:20'),
(28, 1, 'Erik', 'P치l', 'images/profiles/profile_default.png', 'images/web/', 'Neviem', 0, '2022-12-08 07:37:25'),
(29, 1, 'Erik', 'P치l', 'images/profiles/profile_default.png', 'images/web/', 'Pfu', 0, '2022-12-08 07:37:30'),
(30, 1, 'Erik', 'P치l', 'images/profiles/profile_default.png', 'images/web/', 'Vau', 0, '2022-12-08 07:37:40'),
(31, 1, 'Erik', 'P치l', 'images/profiles/profile_default.png', 'images/web/', 'Pfu', 0, '2022-12-08 07:49:32');

-- --------------------------------------------------------

--
-- 맚rukt칰ra tabu쬶y pre tabu쬶u `saved`
--

CREATE TABLE `saved` (
  `relation_id` int(11) NOT NULL,
  `post_id` int(11) NOT NULL,
  `user_id` int(11) NOT NULL,
  `value` tinyint(4) NOT NULL
) ENGINE=InnoDB DEFAULT CHARSET=utf8mb4;

--
-- S콘ahujem d치ta pre tabu쬶u `saved`
--

INSERT INTO `saved` (`relation_id`, `post_id`, `user_id`, `value`) VALUES
(5, 9, 1, 0),
(6, 11, 1, 0),
(7, 13, 1, 0),
(8, 10, 1, 0),
(9, 10, 2, 1),
(10, 11, 2, 1),
(11, 31, 1, 1);

-- --------------------------------------------------------

--
-- 맚rukt칰ra tabu쬶y pre tabu쬶u `users`
--

CREATE TABLE `users` (
  `usersId` int(11) NOT NULL,
  `usersName` varchar(255) NOT NULL,
  `usersLastname` varchar(255) NOT NULL,
  `usersEmail` varchar(255) NOT NULL,
  `usersBdate` date DEFAULT NULL,
  `usersPwd` varchar(255) NOT NULL,
  `usersImgdir` varchar(255) NOT NULL DEFAULT '/images/profiles/profile_default.png',
  `usersPoststoday` int(11) NOT NULL
) ENGINE=InnoDB DEFAULT CHARSET=utf8mb4;

--
-- S콘ahujem d치ta pre tabu쬶u `users`
--

INSERT INTO `users` (`usersId`, `usersName`, `usersLastname`, `usersEmail`, `usersBdate`, `usersPwd`, `usersImgdir`, `usersPoststoday`) VALUES
(1, 'Erik', 'P치l', 'erikpal201@gmail.com', '2001-11-02', '$2y$10$5fdN5rwkTsQBzecV4K/G2OomEvyWfUSdHrH01Apm/c7ShSwjnNAFS', 'images/profiles/profile_default.png', 1),
(2, 'Matus', 'Motovsky', 'erik.pal@azet.sk', '2000-02-02', '$2y$10$4ct17ZPT3lj1kTyk1QHggulozTWx4xiYBgWz7VYA2kR//K7NUGcBG', '/images/profiles/profile_default.png', 0);

--
-- K쮂줷껸 pre exportovan칠 tabu쬶y
--

--
-- Indexy pre tabu쬶u `likes`
--
ALTER TABLE `likes`
  ADD PRIMARY KEY (`relation_id`);

--
-- Indexy pre tabu쬶u `posts`
--
ALTER TABLE `posts`
  ADD PRIMARY KEY (`ID`);

--
-- Indexy pre tabu쬶u `saved`
--
ALTER TABLE `saved`
  ADD PRIMARY KEY (`relation_id`);

--
-- Indexy pre tabu쬶u `users`
--
ALTER TABLE `users`
  ADD PRIMARY KEY (`usersId`);

--
-- AUTO_INCREMENT pre exportovan칠 tabu쬶y
--

--
-- AUTO_INCREMENT pre tabu쬶u `likes`
--
ALTER TABLE `likes`
  MODIFY `relation_id` int(11) NOT NULL AUTO_INCREMENT, AUTO_INCREMENT=8;

--
-- AUTO_INCREMENT pre tabu쬶u `posts`
--
ALTER TABLE `posts`
  MODIFY `ID` int(11) NOT NULL AUTO_INCREMENT, AUTO_INCREMENT=32;

--
-- AUTO_INCREMENT pre tabu쬶u `saved`
--
ALTER TABLE `saved`
  MODIFY `relation_id` int(11) NOT NULL AUTO_INCREMENT, AUTO_INCREMENT=12;

--
-- AUTO_INCREMENT pre tabu쬶u `users`
--
ALTER TABLE `users`
  MODIFY `usersId` int(11) NOT NULL AUTO_INCREMENT, AUTO_INCREMENT=3;

DELIMITER $$
--
-- Udalosti
--
CREATE DEFINER=`root`@`localhost` EVENT `event1` ON SCHEDULE EVERY 1 MINUTE STARTS '2022-12-08 07:55:00' ON COMPLETION NOT PRESERVE ENABLE DO UPDATE `users` SET `usersPoststoday`='[0]' WHERE 1$$

DELIMITER ;
COMMIT;

/*!40101 SET CHARACTER_SET_CLIENT=@OLD_CHARACTER_SET_CLIENT */;
/*!40101 SET CHARACTER_SET_RESULTS=@OLD_CHARACTER_SET_RESULTS */;
/*!40101 SET COLLATION_CONNECTION=@OLD_COLLATION_CONNECTION */;
